id,status,segment,surface,signal,source_url,action,asset,priority,approval_required
001,not_contacted,sentimental_plush,reddit_helpmefind,stuffed bunny finder fee,https://www.reddit.com/r/HelpMeFind/comments/1tvdjd4/please_help_me_find_my_stuffed_bunny_my_mom_threw/,public_helpful_comment_then_platform_if_allowed,comment_sentimental_v1,hot,yes
002,not_contacted,sentimental_plush,reddit_helpmefind,plush active listing,https://www.reddit.com/r/HelpMeFind/comments/1uf8hmz/in_search_of_somewhere_to_buy_this_plush/,public_helpful_comment_then_platform_if_allowed,comment_sentimental_v1,hot,yes
003,not_contacted,sentimental_plush,reddit_helpmefind,sold out bear,https://www.reddit.com/r/HelpMeFind/comments/1uaeo3d/searching_for_this_sold_out_bear_for_sale/,public_helpful_comment_then_platform_if_allowed,comment_sentimental_v1,hot,yes
004,not_contacted,sentimental_plush,reddit_helpmefind,plush listing search,https://www.reddit.com/r/HelpMeFind/comments/1u54fzy/need_help_finding_a_listing_for_this_plush/,public_helpful_comment_then_platform_if_allowed,comment_sentimental_v1,hot,yes
005,not_contacted,sentimental_plush,reddit_helpmefind,active listing plush finder fee,https://www.reddit.com/r/HelpMeFind/comments/1qe3dtg/please_help_me_find_an_active_listing_for_this/,public_helpful_comment_then_platform_if_allowed,comment_sentimental_v1,hot,yes
006,not_contacted,sentimental_plush,reddit_helpmefind,snowman plush willing to pay,https://www.reddit.com/r/HelpMeFind/comments/1pi7b69/looking_for_this_snowman_plush_willing_to_pay/,public_helpful_comment_then_platform_if_allowed,comment_sentimental_v1,warm,yes
007,not_contacted,sentimental_plush,reddit_helpmefind,specific plush high price,https://www.reddit.com/r/HelpMeFind/comments/1pf38eg/struggling_to_find_a_very_specific_plush_for/,public_helpful_comment_then_platform_if_allowed,comment_sentimental_v1,warm,yes
008,not_contacted,sentimental_plush,reddit_helpmefind,plushie childhood search,https://www.reddit.com/r/HelpMeFind/comments/1rwd1ix/help_me_find_a_listing_to_buy_this_plushie/,public_helpful_comment_then_platform_if_allowed,comment_sentimental_v1,warm,yes
009,not_contacted,sentimental_plush,reddit_helpmefind,solyn plush newer demand,https://www.reddit.com/r/HelpMeFind/comments/1tv9645/looking_on_how_to_get_this_solyn_plush_calamity/,public_helpful_comment_then_platform_if_allowed,comment_sentimental_v1,warm,yes
010,not_contacted,sentimental_plush,reddit_helpmefind,dolphin pillow pet destroyed,https://www.reddit.com/r/HelpMeFind/comments/1n8uo48/my_large_dolphin_pillow_pet_was_destroyed_in_a/,public_helpful_comment_then_platform_if_allowed,comment_sentimental_v1,cold,yes
011,not_contacted,fashion_exact,reddit_helpmefind,pants finder fee,https://www.reddit.com/r/HelpMeFind/comments/1kzivo6/help_me_find_these_exact_pants_will_venmo_a/,public_helpful_comment_then_platform_if_allowed,comment_fashion_exact_v1,warm,yes
012,not_contacted,fashion_exact,reddit_helpmefind,shirt high finder fee,https://www.reddit.com/r/HelpMeFind/comments/1p6hjm9/seeking_this_exact_shirt_500_finders_fee_carroll/,public_helpful_comment_then_platform_if_allowed,comment_fashion_exact_v1,hot,yes
013,not_contacted,jewelry_exact,reddit_helpmefind,hidden heart ring finder fee,https://www.reddit.com/r/HelpMeFind/comments/1kq78tt/trying_to_find_a_ring_with_a_hidden_heart_motif/,public_helpful_comment_then_platform_if_allowed,comment_jewelry_v1,warm,yes
014,not_contacted,home_exact,reddit_helpmefind,y2k bedding finder fee,https://www.reddit.com/r/HelpMeFind/comments/15sddeh/jeepers_please_help_me_find_this_groovy_y2kera/,public_helpful_comment_then_platform_if_allowed,comment_home_v1,cold,yes
015,not_contacted,home_materials,reddit_helpmefind,hardwood flooring finder fee,https://www.reddit.com/r/HelpMeFind/comments/12664h1/iso_elegance_engineered_hardwood_color_cappuccino/,public_helpful_comment_then_platform_if_allowed,comment_parts_v1,cold,yes
016,not_contacted,food_discontinued,reddit_wherecanibuythis,sobe drinks will pay,https://www.reddit.com/r/wherecanibuythis/comments/1qqr542/someone_please_tell_me_where_i_can_buy_sobe_drinks/,public_helpful_comment_then_platform_if_allowed,comment_discontinued_v1,warm,yes
017,not_contacted,home_textile,reddit_wherecanibuythis,specific fabric,https://www.reddit.com/r/wherecanibuythis/comments/1t4r7of/looking_to_identify_and_hopefully_buy_this/,public_helpful_comment_then_platform_if_allowed,comment_home_v1,warm,yes
018,not_contacted,toys_collectibles,reddit_wherecanibuythis,doll search,https://www.reddit.com/r/wherecanibuythis/comments/1sxubz2/where_can_i_buy_this_doll/,public_helpful_comment_then_platform_if_allowed,comment_collectible_v1,warm,yes
019,not_contacted,watch_collectors,reddit_wherecanibuythis,seiko sold out,https://www.reddit.com/r/wherecanibuythis/comments/13rce1r/where_can_i_buy_this_watch_its_sold_out/,public_helpful_comment_then_platform_if_allowed,comment_watch_v1,cold,yes
020,not_contacted,home_exact,reddit_wherecanibuythis,cups reverse image failed,https://www.reddit.com/r/wherecanibuythis/comments/18g7asa/where_can_i_buy_more_of_these_cups/,public_helpful_comment_then_platform_if_allowed,comment_home_v1,cold,yes
021,not_contacted,merch_exact,reddit_wherecanibuythis,looking for merch,https://www.reddit.com/r/wherecanibuythis/,triage_new_feed_then_public_helpful_comment,comment_discontinued_v1,warm,yes
022,not_contacted,electronics_exact,reddit_wherecanibuythis,laptop like image,https://www.reddit.com/r/wherecanibuythis/,triage_new_feed_then_public_helpful_comment,comment_product_id_v1,warm,yes
023,not_contacted,fashion_exact,reddit_wherecanibuythis,sweatshirt in stock,https://www.reddit.com/r/wherecanibuythis/,triage_new_feed_then_public_helpful_comment,comment_fashion_exact_v1,warm,yes
024,not_contacted,fashion_exact,reddit_wherecanibuythis,skirt search,https://www.reddit.com/r/wherecanibuythis/,triage_new_feed_then_public_helpful_comment,comment_fashion_exact_v1,warm,yes
025,not_contacted,kitchen_exact,reddit_wherecanibuythis,food tool search,https://www.reddit.com/r/wherecanibuythis/,triage_new_feed_then_public_helpful_comment,comment_product_id_v1,warm,yes
026,not_contacted,eyewear_exact,reddit_wherecanibuythis,glasses search,https://www.reddit.com/r/wherecanibuythis/,triage_new_feed_then_public_helpful_comment,comment_product_id_v1,warm,yes
027,not_contacted,general_exact,reddit_wherecanibuythis,need help finding this,https://www.reddit.com/r/wherecanibuythis/,triage_new_feed_then_public_helpful_comment,comment_product_id_v1,warm,yes
028,not_contacted,fashion_exact,reddit_findfashion,free people wrap tunic,https://www.reddit.com/r/findfashion/,public_helpful_comment_no_platform_by_default,comment_fashion_exact_v1,warm,yes
029,not_contacted,fashion_exact,reddit_wherecanibuythis,pointed heeled boots,https://www.reddit.com/r/wherecanibuythis/,triage_new_feed_then_public_helpful_comment,comment_fashion_exact_v1,warm,yes
030,not_contacted,fashion_exact,reddit_wherecanibuythis,cyberpunk jacket,https://www.reddit.com/r/wherecanibuythis/,triage_new_feed_then_public_helpful_comment,comment_fashion_exact_v1,warm,yes
031,not_contacted,home_furniture,reddit_wherecanibuythis,bed source,https://www.reddit.com/r/wherecanibuythis/,triage_new_feed_then_public_helpful_comment,comment_home_v1,warm,yes
032,not_contacted,fashion_bag,reddit_wherecanibuythis,bag source,https://www.reddit.com/r/wherecanibuythis/,triage_new_feed_then_public_helpful_comment,comment_fashion_exact_v1,warm,yes
033,not_contacted,fashion_exact,reddit_wherecanibuythis,shirt source,https://www.reddit.com/r/wherecanibuythis/,triage_new_feed_then_public_helpful_comment,comment_fashion_exact_v1,warm,yes
034,not_contacted,jewelry_exact,reddit_wherecanibuythis,ring source,https://www.reddit.com/r/wherecanibuythis/,triage_new_feed_then_public_helpful_comment,comment_jewelry_v1,warm,yes
035,not_contacted,general_exact,reddit_wherecanibuythis,something like this,https://www.reddit.com/r/wherecanibuythis/,triage_new_feed_then_public_helpful_comment,comment_product_id_v1,warm,yes
036,not_contacted,fashion_exact,reddit_wherecanibuythis,hoodie jacket,https://www.reddit.com/r/wherecanibuythis/,triage_new_feed_then_public_helpful_comment,comment_fashion_exact_v1,warm,yes
037,not_contacted,phone_accessory,reddit_wherecanibuythis,phone case name,https://www.reddit.com/r/wherecanibuythis/,triage_new_feed_then_public_helpful_comment,comment_product_id_v1,warm,yes
038,not_contacted,home_hardware,reddit_wherecanibuythis,vesa shelf,https://www.reddit.com/r/wherecanibuythis/,triage_new_feed_then_public_helpful_comment,comment_parts_v1,warm,yes
039,not_contacted,home_decor,reddit_wherecanibuythis,plastic horse lamp,https://www.reddit.com/r/wherecanibuythis/,triage_new_feed_then_public_helpful_comment,comment_home_v1,warm,yes
040,not_contacted,jewelry_exact,reddit_wherecanibuythis,charm bracelet,https://www.reddit.com/r/wherecanibuythis/,triage_new_feed_then_public_helpful_comment,comment_jewelry_v1,warm,yes
041,not_contacted,toys_collectibles,reddit_wherecanibuythis,cleo purse replacement,https://www.reddit.com/r/wherecanibuythis/,triage_new_feed_then_public_helpful_comment,comment_collectible_v1,warm,yes
042,not_contacted,collectible_set,reddit_wherecanibuythis,set source,https://www.reddit.com/r/wherecanibuythis/,triage_new_feed_then_public_helpful_comment,comment_collectible_v1,warm,yes
043,not_contacted,bag_exact,reddit_wherecanibuythis,gocciole backpack,https://www.reddit.com/r/wherecanibuythis/,triage_new_feed_then_public_helpful_comment,comment_fashion_exact_v1,warm,yes
044,not_contacted,fashion_exact,reddit_findfashion,exact sweater search,https://www.reddit.com/r/findfashion/,public_helpful_comment_no_platform_by_default,comment_fashion_exact_v1,warm,yes
045,not_contacted,fashion_exact,reddit_findfashion,dress source,https://www.reddit.com/r/findfashion/,public_helpful_comment_no_platform_by_default,comment_fashion_exact_v1,warm,yes
046,not_contacted,fashion_exact,reddit_findfashion,bag source,https://www.reddit.com/r/findfashion/,public_helpful_comment_no_platform_by_default,comment_fashion_exact_v1,warm,yes
047,not_contacted,fashion_exact,reddit_findfashion,hoodie source,https://www.reddit.com/r/findfashion/,public_helpful_comment_no_platform_by_default,comment_fashion_exact_v1,warm,yes
048,not_contacted,fashion_exact,reddit_findfashion,same coat not similar,https://www.reddit.com/r/findfashion/,public_helpful_comment_no_platform_by_default,comment_fashion_exact_v1,warm,yes
049,not_contacted,fashion_exact,reddit_findfashion,celebrity outfit,https://www.reddit.com/r/findfashion/,public_helpful_comment_no_platform_by_default,comment_fashion_exact_v1,cold,yes
050,not_contacted,fashion_exact,reddit_findfashion,dickies model number,https://www.reddit.com/r/findfashion/comments/1u4v5di/can_someone_help_me_find_these_items/,public_helpful_comment_no_platform_by_default,comment_fashion_exact_v1,warm,yes
051,not_contacted,camera_gear,reddit_photomarket,ricoh gr buy post search,https://www.reddit.com/r/photomarket/,manual_search_then_reply_only_if_allowed,comment_camera_v1,warm,yes
052,not_contacted,camera_gear,reddit_photomarket,fuji x100 buy post search,https://www.reddit.com/r/photomarket/,manual_search_then_reply_only_if_allowed,comment_camera_v1,warm,yes
053,not_contacted,camera_gear,reddit_analogcommunity,where buy film camera,https://www.reddit.com/r/AnalogCommunity/,manual_search_then_help_no_platform_default,comment_camera_v1,warm,yes
054,not_contacted,camera_parts,reddit_analogrepair,camera part source,https://www.reddit.com/r/AnalogRepair/,manual_search_then_help_no_platform_default,comment_parts_v1,warm,yes
055,not_contacted,watch_collectors,reddit_watchexchange,wtb seiko reference,https://www.reddit.com/r/Watchexchange/,manual_search_then_reply_only_if_allowed,comment_watch_v1,warm,yes
056,not_contacted,watch_collectors,reddit_seiko,where buy discontinued seiko,https://www.reddit.com/r/Seiko/,manual_search_then_help_no_platform_default,comment_watch_v1,warm,yes
057,not_contacted,gaming_parts,reddit_consolerepair,replacement cable or shell,https://www.reddit.com/r/consolerepair/,manual_search_then_help_no_platform_default,comment_parts_v1,warm,yes
058,not_contacted,gaming_parts,reddit_gameboy,battery cover or shell,https://www.reddit.com/r/Gameboy/,manual_search_then_help_no_platform_default,comment_parts_v1,warm,yes
059,not_contacted,electronics_parts,reddit_askelectronics,obscure component source,https://www.reddit.com/r/AskElectronics/,manual_search_then_help_no_platform_default,comment_parts_v1,cold,yes
060,not_contacted,audio_vintage,reddit_vintageaudio,part or donor unit,https://www.reddit.com/r/vintageaudio/,manual_search_then_help_no_platform_default,comment_parts_v1,warm,yes
061,not_contacted,sentimental_plush,facebook_group,lost plush group daily search,https://www.facebook.com/search/groups/?q=lost%20plush,manual_group_search_then_public_post_if_allowed,comment_sentimental_v1,warm,yes
062,not_contacted,sentimental_item,facebook_group,help me find childhood blanket,https://www.facebook.com/search/groups/?q=help%20me%20find%20childhood%20blanket,manual_group_search_then_public_post_if_allowed,comment_sentimental_v1,warm,yes
063,not_contacted,vintage_finds,facebook_group,vintage resell buyer search,https://www.facebook.com/search/groups/?q=vintage%20finds,manual_group_search_then_public_post_if_allowed,comment_home_v1,cold,yes
064,not_contacted,home_decor,facebook_group,where can i find furniture,https://www.facebook.com/search/groups/?q=where%20can%20i%20find%20furniture,manual_group_search_then_public_post_if_allowed,comment_home_v1,warm,yes
065,not_contacted,fashion_exact,facebook_group,find this outfit,https://www.facebook.com/search/groups/?q=find%20this%20outfit,manual_group_search_then_public_post_if_allowed,comment_fashion_exact_v1,warm,yes
066,not_contacted,plush_collectors,facebook_group,jellycat retired search,https://www.facebook.com/search/groups/?q=retired%20jellycat,manual_group_search_then_public_post_if_allowed,comment_sentimental_v1,warm,yes
067,not_contacted,camera_gear,facebook_group,ricoh gr buy sell,https://www.facebook.com/search/groups/?q=ricoh%20gr%20buy%20sell,manual_group_search_then_public_post_if_allowed,comment_camera_v1,warm,yes
068,not_contacted,watch_collectors,facebook_group,seiko collector source,https://www.facebook.com/search/groups/?q=seiko%20collector,manual_group_search_then_public_post_if_allowed,comment_watch_v1,cold,yes
069,not_contacted,retro_gaming,facebook_group,retro console repair parts,https://www.facebook.com/search/groups/?q=retro%20console%20repair%20parts,manual_group_search_then_public_post_if_allowed,comment_parts_v1,warm,yes
070,not_contacted,local_buyers,facebook_group,where can i buy this local,https://www.facebook.com/search/groups/?q=where%20can%20i%20buy%20this,manual_group_search_then_public_post_if_allowed,comment_product_id_v1,warm,yes
071,not_contacted,fashion_exact,tiktok_search,commenters asking where to buy dress,https://www.tiktok.com/search?q=where%20can%20i%20buy%20this%20dress,reply_to_comment_if_brand_account_allowed,social_reply_fashion_v1,warm,yes
072,not_contacted,home_decor,tiktok_search,commenters asking where to buy decor,https://www.tiktok.com/search?q=where%20can%20i%20buy%20this%20home%20decor,reply_to_comment_if_brand_account_allowed,social_reply_home_v1,warm,yes
073,not_contacted,sentimental_item,tiktok_search,childhood plush search posts,https://www.tiktok.com/search?q=help%20me%20find%20childhood%20plush,reply_to_comment_if_brand_account_allowed,social_reply_sentimental_v1,warm,yes
074,not_contacted,camera_gear,tiktok_search,ricoh gr sold out comments,https://www.tiktok.com/search?q=ricoh%20gr%20sold%20out,reply_to_comment_if_brand_account_allowed,social_reply_camera_v1,warm,yes
075,not_contacted,repair_parts,tiktok_search,discontinued replacement part comments,https://www.tiktok.com/search?q=discontinued%20replacement%20part,reply_to_comment_if_brand_account_allowed,social_reply_parts_v1,warm,yes
076,not_contacted,fashion_exact,instagram_search,find this dress comments,https://www.instagram.com/explore/search/keyword/?q=find%20this%20dress,reply_to_comment_if_brand_account_allowed,social_reply_fashion_v1,warm,yes
077,not_contacted,home_decor,instagram_search,where is this chair from comments,https://www.instagram.com/explore/search/keyword/?q=where%20is%20this%20chair%20from,reply_to_comment_if_brand_account_allowed,social_reply_home_v1,warm,yes
078,not_contacted,sentimental_item,instagram_search,lost plush or blanket posts,https://www.instagram.com/explore/search/keyword/?q=lost%20plush,reply_to_comment_if_brand_account_allowed,social_reply_sentimental_v1,warm,yes
079,not_contacted,camera_gear,instagram_search,rare camera wanted comments,https://www.instagram.com/explore/search/keyword/?q=ricoh%20gr%20wanted,reply_to_comment_if_brand_account_allowed,social_reply_camera_v1,warm,yes
080,not_contacted,watch_collectors,instagram_search,seiko reference wanted comments,https://www.instagram.com/explore/search/keyword/?q=seiko%20wanted,reply_to_comment_if_brand_account_allowed,social_reply_watch_v1,cold,yes
081,not_contacted,fashion_exact,x_search,where can i buy this dress,https://x.com/search?q=%22where%20can%20i%20buy%20this%20dress%22&src=typed_query,reply_to_public_post_if_allowed,social_reply_fashion_v1,warm,yes
082,not_contacted,sentimental_item,x_search,help me find plush,https://x.com/search?q=%22help%20me%20find%20this%20plush%22&src=typed_query,reply_to_public_post_if_allowed,social_reply_sentimental_v1,warm,yes
083,not_contacted,home_decor,x_search,where can i find this furniture,https://x.com/search?q=%22where%20can%20i%20find%20this%20furniture%22&src=typed_query,reply_to_public_post_if_allowed,social_reply_home_v1,warm,yes
084,not_contacted,camera_gear,x_search,where to buy ricoh gr,https://x.com/search?q=%22where%20to%20buy%20ricoh%20gr%22&src=typed_query,reply_to_public_post_if_allowed,social_reply_camera_v1,warm,yes
085,not_contacted,repair_parts,x_search,discontinued replacement part,https://x.com/search?q=%22discontinued%20replacement%20part%22&src=typed_query,reply_to_public_post_if_allowed,social_reply_parts_v1,warm,yes
086,not_contacted,community_mods,reddit_modmail,helpmefind mod permission,https://www.reddit.com/r/HelpMeFind/,send_modmail_permission_request,modmail_v1,hot,yes
087,not_contacted,community_mods,reddit_modmail,wherecanibuythis mod permission,https://www.reddit.com/r/wherecanibuythis/,send_modmail_permission_request,modmail_v1,hot,yes
088,not_contacted,community_mods,reddit_modmail,findfashion mod permission,https://www.reddit.com/r/findfashion/,send_modmail_permission_request,modmail_v1,warm,yes
089,not_contacted,community_mods,reddit_modmail,photomarket mod permission,https://www.reddit.com/r/photomarket/,send_modmail_permission_request,modmail_camera_v1,warm,yes
090,not_contacted,community_mods,reddit_modmail,consolerepair mod permission,https://www.reddit.com/r/consolerepair/,send_modmail_permission_request,modmail_parts_v1,warm,yes
091,not_contacted,creator_partner,email_or_dm,help me find creator,https://www.youtube.com/results?search_query=help+me+find+this+item,send_partner_pitch,creator_email_v1,warm,yes
092,not_contacted,creator_partner,email_or_dm,retired plush creator,https://www.youtube.com/results?search_query=retired+plush+collector,send_partner_pitch,creator_email_v1,warm,yes
093,not_contacted,creator_partner,email_or_dm,rare camera creator,https://www.youtube.com/results?search_query=ricoh+gr+rare+camera,send_partner_pitch,creator_camera_email_v1,warm,yes
094,not_contacted,creator_partner,email_or_dm,watch collector creator,https://www.youtube.com/results?search_query=seiko+watch+collector,send_partner_pitch,creator_watch_email_v1,cold,yes
095,not_contacted,creator_partner,email_or_dm,repair parts creator,https://www.youtube.com/results?search_query=console+repair+parts,send_partner_pitch,creator_parts_email_v1,warm,yes
096,not_contacted,owned_social,founder_account,post bounty board prompt,https://pleasefindmethis.com/,publish_owned_social_post,owned_social_post_v1,hot,yes
097,not_contacted,owned_social,founder_account,post sentimental item prompt,https://pleasefindmethis.com/,publish_owned_social_post,owned_social_sentimental_v1,hot,yes
098,not_contacted,owned_social,founder_account,post rare camera prompt,https://pleasefindmethis.com/,publish_owned_social_post,owned_social_camera_v1,warm,yes
099,not_contacted,owned_social,founder_account,post replacement part prompt,https://pleasefindmethis.com/,publish_owned_social_post,owned_social_parts_v1,warm,yes
100,not_contacted,owned_email,founder_list,ask audience what they cannot find,https://pleasefindmethis.com/,send_owned_email,owned_email_v1,hot,yes
